user_id,country_code,user_name_len,full_name_len,intro_len,external_url,is_joined_recently,is_private,is_verified,is_business_account,highlight_reel_count,following_count,followed_count,post_count
45991287822,US,15,0,107,,FALSE,FALSE,FALSE,FALSE,0,2283,494,93
user_id,country_code,user_name_len,full_name_len,intro_len,external_url,is_joined_recently,is_private,is_verified,is_business_account,highlight_reel_count,following_count,followed_count,post_count
31288892879,US,10,10,7,,FALSE,FALSE,FALSE,FALSE,0,8,12,4
user_id,country_code,user_name_len,full_name_len,intro_len,external_url,is_joined_recently,is_private,is_verified,is_business_account,highlight_reel_count,following_count,followed_count,post_count
35370882820,US,14,26,135,,FALSE,FALSE,FALSE,FALSE,3,7451,1370,56
user_id,country_code,user_name_len,full_name_len,intro_len,external_url,is_joined_recently,is_private,is_verified,is_business_account,highlight_reel_count,following_count,followed_count,post_count
9010246147,US,12,11,139,,FALSE,FALSE,FALSE,TRUE,2,5795,4053,297
user_id,country_code,user_name_len,full_name_len,intro_len,external_url,is_joined_recently,is_private,is_verified,is_business_account,highlight_reel_count,following_count,followed_count,post_count
26070345040,US,11,12,39,,FALSE,FALSE,FALSE,FALSE,0,946,177,17
user_id,country_code,user_name_len,full_name_len,intro_len,external_url,is_joined_recently,is_private,is_verified,is_business_account,highlight_reel_count,following_count,followed_count,post_count
7045106677,US,17,4,71,https://fanlink.to/do-it-for-you-dami-remix,FALSE,FALSE,FALSE,TRUE,3,3632,635,17
user_id,country_code,user_name_len,full_name_len,intro_len,external_url,is_joined_recently,is_private,is_verified,is_business_account,highlight_reel_count,following_count,followed_count,post_count
1414981255,US,9,15,0,,FALSE,FALSE,FALSE,TRUE,2,2536,1156,84
user_id,country_code,user_name_len,full_name_len,intro_len,external_url,is_joined_recently,is_private,is_verified,is_business_account,highlight_reel_count,following_count,followed_count,post_count
1725001185,US,15,7,0,,FALSE,TRUE,FALSE,FALSE,0,5634,457,25
user_id,country_code,user_name_len,full_name_len,intro_len,external_url,is_joined_recently,is_private,is_verified,is_business_account,highlight_reel_count,following_count,followed_count,post_count
7558134426,US,19,21,14,,FALSE,FALSE,FALSE,TRUE,0,7438,3061,17
user_id,country_code,user_name_len,full_name_len,intro_len,external_url,is_joined_recently,is_private,is_verified,is_business_account,highlight_reel_count,following_count,followed_count,post_count
6659466616,US,11,12,145,,FALSE,TRUE,FALSE,FALSE,0,3789,2560,67
user_id,country_code,user_name_len,full_name_len,intro_len,external_url,is_joined_recently,is_private,is_verified,is_business_account,highlight_reel_count,following_count,followed_count,post_count
11647103845,US,19,0,0,,FALSE,FALSE,FALSE,FALSE,0,7338,570,4
user_id,country_code,user_name_len,full_name_len,intro_len,external_url,is_joined_recently,is_private,is_verified,is_business_account,highlight_reel_count,following_count,followed_count,post_count
3685989117,US,18,6,32,,FALSE,FALSE,FALSE,FALSE,14,6438,1602,95
user_id,country_code,user_name_len,full_name_len,intro_len,external_url,is_joined_recently,is_private,is_verified,is_business_account,highlight_reel_count,following_count,followed_count,post_count
11446297006,US,11,12,0,,FALSE,FALSE,FALSE,FALSE,1,2088,204,357
user_id,country_code,user_name_len,full_name_len,intro_len,external_url,is_joined_recently,is_private,is_verified,is_business_account,highlight_reel_count,following_count,followed_count,post_count
12315233298,US,10,4,0,,FALSE,FALSE,FALSE,FALSE,0,1326,150,0
user_id,country_code,user_name_len,full_name_len,intro_len,external_url,is_joined_recently,is_private,is_verified,is_business_account,highlight_reel_count,following_count,followed_count,post_count
6724879285,US,15,25,141,,FALSE,FALSE,FALSE,TRUE,3,6870,1206,16
user_id,country_code,user_name_len,full_name_len,intro_len,external_url,is_joined_recently,is_private,is_verified,is_business_account,highlight_reel_count,following_count,followed_count,post_count
4471960714,US,15,2,0,,FALSE,FALSE,FALSE,FALSE,0,42,19,6
user_id,country_code,user_name_len,full_name_len,intro_len,external_url,is_joined_recently,is_private,is_verified,is_business_account,highlight_reel_count,following_count,followed_count,post_count
5453978816,US,9,3,48,,FALSE,FALSE,FALSE,FALSE,0,41,40,30
user_id,country_code,user_name_len,full_name_len,intro_len,external_url,is_joined_recently,is_private,is_verified,is_business_account,highlight_reel_count,following_count,followed_count,post_count
14969460950,US,12,0,89,,FALSE,FALSE,FALSE,FALSE,0,358,11,0
user_id,country_code,user_name_len,full_name_len,intro_len,external_url,is_joined_recently,is_private,is_verified,is_business_account,highlight_reel_count,following_count,followed_count,post_count
11400437889,US,8,0,87,,FALSE,FALSE,FALSE,FALSE,0,6871,210,0
user_id,country_code,user_name_len,full_name_len,intro_len,external_url,is_joined_recently,is_private,is_verified,is_business_account,highlight_reel_count,following_count,followed_count,post_count
9126022391,US,17,4,0,,FALSE,FALSE,FALSE,FALSE,1,6610,656,485
user_id,country_code,user_name_len,full_name_len,intro_len,external_url,is_joined_recently,is_private,is_verified,is_business_account,highlight_reel_count,following_count,followed_count,post_count
11317116435,US,7,0,86,,FALSE,FALSE,FALSE,FALSE,0,6803,201,0
user_id,country_code,user_name_len,full_name_len,intro_len,external_url,is_joined_recently,is_private,is_verified,is_business_account,highlight_reel_count,following_count,followed_count,post_count
1688552836,US,14,3,7,,FALSE,FALSE,FALSE,FALSE,0,68,20,37
user_id,country_code,user_name_len,full_name_len,intro_len,external_url,is_joined_recently,is_private,is_verified,is_business_account,highlight_reel_count,following_count,followed_count,post_count
2308030559,US,23,27,90,https://thisisme.click/j39au,FALSE,FALSE,TRUE,TRUE,0,28,70096,31
user_id,country_code,user_name_len,full_name_len,intro_len,external_url,is_joined_recently,is_private,is_verified,is_business_account,highlight_reel_count,following_count,followed_count,post_count
12773702650,US,7,7,53,http://mau5hop.com/,FALSE,FALSE,TRUE,TRUE,0,58,6441,23
user_id,country_code,user_name_len,full_name_len,intro_len,external_url,is_joined_recently,is_private,is_verified,is_business_account,highlight_reel_count,following_count,followed_count,post_count
7059147985,US,23,27,35,http://revr.ec/NOSTALGIA,FALSE,FALSE,TRUE,TRUE,5,1426,75457,163
user_id,country_code,user_name_len,full_name_len,intro_len,external_url,is_joined_recently,is_private,is_verified,is_business_account,highlight_reel_count,following_count,followed_count,post_count
366539122,US,9,11,136,https://linktr.ee/WeRaveYou,FALSE,FALSE,FALSE,TRUE,6,1252,134309,4211
user_id,country_code,user_name_len,full_name_len,intro_len,external_url,is_joined_recently,is_private,is_verified,is_business_account,highlight_reel_count,following_count,followed_count,post_count
32104415,US,12,8,35,https://sptfy.com/5lvH,FALSE,FALSE,TRUE,FALSE,17,673,79713,1008
user_id,country_code,user_name_len,full_name_len,intro_len,external_url,is_joined_recently,is_private,is_verified,is_business_account,highlight_reel_count,following_count,followed_count,post_count
2142065368,US,12,17,90,,FALSE,FALSE,TRUE,TRUE,3,115,127257,1166
user_id,country_code,user_name_len,full_name_len,intro_len,external_url,is_joined_recently,is_private,is_verified,is_business_account,highlight_reel_count,following_count,followed_count,post_count
1269893232,US,8,9,148,https://heartfeldt.me/,FALSE,FALSE,TRUE,FALSE,0,1446,436455,43
user_id,country_code,user_name_len,full_name_len,intro_len,external_url,is_joined_recently,is_private,is_verified,is_business_account,highlight_reel_count,following_count,followed_count,post_count
257001759,US,11,6,65,https://ffm.bio/maddix,FALSE,FALSE,TRUE,TRUE,11,518,79683,619
user_id,country_code,user_name_len,full_name_len,intro_len,external_url,is_joined_recently,is_private,is_verified,is_business_account,highlight_reel_count,following_count,followed_count,post_count
1512714305,US,7,10,1,,FALSE,FALSE,TRUE,TRUE,0,125,57392,57
user_id,country_code,user_name_len,full_name_len,intro_len,external_url,is_joined_recently,is_private,is_verified,is_business_account,highlight_reel_count,following_count,followed_count,post_count
304808431,US,16,9,19,http://stmpd.co/F97FtxRz,FALSE,FALSE,TRUE,TRUE,18,555,80674,783
user_id,country_code,user_name_len,full_name_len,intro_len,external_url,is_joined_recently,is_private,is_verified,is_business_account,highlight_reel_count,following_count,followed_count,post_count
4444797667,US,7,4,81,https://nwyr.to/shenron,FALSE,FALSE,TRUE,FALSE,2,2,47901,70
user_id,country_code,user_name_len,full_name_len,intro_len,external_url,is_joined_recently,is_private,is_verified,is_business_account,highlight_reel_count,following_count,followed_count,post_count
40956021,US,14,13,67,http://bit.ly/LIIIVETP,FALSE,FALSE,TRUE,TRUE,4,723,66776,1421
user_id,country_code,user_name_len,full_name_len,intro_len,external_url,is_joined_recently,is_private,is_verified,is_business_account,highlight_reel_count,following_count,followed_count,post_count
1677451565,US,11,12,69,https://spinnindeep.release.link/premier-gaou,FALSE,FALSE,TRUE,TRUE,5,102,564985,238
user_id,country_code,user_name_len,full_name_len,intro_len,external_url,is_joined_recently,is_private,is_verified,is_business_account,highlight_reel_count,following_count,followed_count,post_count
243469801,US,11,12,102,https://linktr.ee/sizerecords,FALSE,FALSE,TRUE,TRUE,2,143,48139,1442
user_id,country_code,user_name_len,full_name_len,intro_len,external_url,is_joined_recently,is_private,is_verified,is_business_account,highlight_reel_count,following_count,followed_count,post_count
3950679437,US,14,16,149,https://linktr.ee/stmpdrcrdsnews,FALSE,FALSE,FALSE,TRUE,5,448,10729,1362
user_id,country_code,user_name_len,full_name_len,intro_len,external_url,is_joined_recently,is_private,is_verified,is_business_account,highlight_reel_count,following_count,followed_count,post_count
18521753,US,6,6,23,http://linktr.ee/zomboy,FALSE,FALSE,TRUE,FALSE,0,189,577493,1350
user_id,country_code,user_name_len,full_name_len,intro_len,external_url,is_joined_recently,is_private,is_verified,is_business_account,highlight_reel_count,following_count,followed_count,post_count
2286230089,US,12,24,127,https://orcd.co/superpowers,FALSE,FALSE,TRUE,FALSE,0,930,1639682,582
user_id,country_code,user_name_len,full_name_len,intro_len,external_url,is_joined_recently,is_private,is_verified,is_business_account,highlight_reel_count,following_count,followed_count,post_count
7323307,US,12,4,44,http://outnow.io/t/inmyheadonmymind/,FALSE,FALSE,TRUE,FALSE,6,286,264495,1145
user_id,country_code,user_name_len,full_name_len,intro_len,external_url,is_joined_recently,is_private,is_verified,is_business_account,highlight_reel_count,following_count,followed_count,post_count
291997129,US,13,8,23,http://stmpd.co/kRBv9tJY,FALSE,FALSE,TRUE,FALSE,4,772,41377,143
user_id,country_code,user_name_len,full_name_len,intro_len,external_url,is_joined_recently,is_private,is_verified,is_business_account,highlight_reel_count,following_count,followed_count,post_count
392664688,US,8,8,53,http://linktr.ee/vicetone,FALSE,FALSE,TRUE,TRUE,15,12,344059,1157
user_id,country_code,user_name_len,full_name_len,intro_len,external_url,is_joined_recently,is_private,is_verified,is_business_account,highlight_reel_count,following_count,followed_count,post_count
248279850,US,10,11,106,,FALSE,FALSE,TRUE,TRUE,1,1,497806,0
user_id,country_code,user_name_len,full_name_len,intro_len,external_url,is_joined_recently,is_private,is_verified,is_business_account,highlight_reel_count,following_count,followed_count,post_count
1777865675,US,10,5,42,https://smarturl.it/imv3,FALSE,FALSE,TRUE,FALSE,0,239,349288,1577
user_id,country_code,user_name_len,full_name_len,intro_len,external_url,is_joined_recently,is_private,is_verified,is_business_account,highlight_reel_count,following_count,followed_count,post_count
38803239,US,11,12,113,https://linktr.ee/kryder,FALSE,FALSE,TRUE,TRUE,8,686,83895,1388
user_id,country_code,user_name_len,full_name_len,intro_len,external_url,is_joined_recently,is_private,is_verified,is_business_account,highlight_reel_count,following_count,followed_count,post_count
5783421,US,10,11,82,https://dharmamusic.release.link/now-or-never-with-thomas-gold,FALSE,FALSE,TRUE,TRUE,8,520,139978,2387
user_id,country_code,user_name_len,full_name_len,intro_len,external_url,is_joined_recently,is_private,is_verified,is_business_account,highlight_reel_count,following_count,followed_count,post_count
104989834,US,6,6,107,http://theclub.tv/dannic,FALSE,FALSE,TRUE,TRUE,22,356,495842,2471
user_id,country_code,user_name_len,full_name_len,intro_len,external_url,is_joined_recently,is_private,is_verified,is_business_account,highlight_reel_count,following_count,followed_count,post_count
17494436,US,10,5,63,https://ffm.bio/marlo,FALSE,FALSE,TRUE,TRUE,6,205,153359,2588
user_id,country_code,user_name_len,full_name_len,intro_len,external_url,is_joined_recently,is_private,is_verified,is_business_account,highlight_reel_count,following_count,followed_count,post_count
1738558981,US,11,19,80,https://linktr.ee/amffestival,FALSE,FALSE,TRUE,TRUE,4,26,166105,1106
user_id,country_code,user_name_len,full_name_len,intro_len,external_url,is_joined_recently,is_private,is_verified,is_business_account,highlight_reel_count,following_count,followed_count,post_count
196365989,US,8,5,78,https://open.spotify.com/artist/6WGE3kO8ULME2ErBcOksSR?si=uV59H_19Tma1VXn_xK05DA,FALSE,FALSE,TRUE,FALSE,7,201,146685,681
user_id,country_code,user_name_len,full_name_len,intro_len,external_url,is_joined_recently,is_private,is_verified,is_business_account,highlight_reel_count,following_count,followed_count,post_count
312986651,US,17,12,0,http://www.magnificencemusic.com/,FALSE,FALSE,FALSE,TRUE,5,567,28190,0
user_id,country_code,user_name_len,full_name_len,intro_len,external_url,is_joined_recently,is_private,is_verified,is_business_account,highlight_reel_count,following_count,followed_count,post_count
747262753,US,11,12,92,http://raveculture.io/watr,FALSE,FALSE,TRUE,TRUE,5,45,161614,202
user_id,country_code,user_name_len,full_name_len,intro_len,external_url,is_joined_recently,is_private,is_verified,is_business_account,highlight_reel_count,following_count,followed_count,post_count
175156696,US,12,30,150,http://feddelegrand.lnk.to/InLoveWithYou,FALSE,FALSE,TRUE,FALSE,7,164,432843,3430
user_id,country_code,user_name_len,full_name_len,intro_len,external_url,is_joined_recently,is_private,is_verified,is_business_account,highlight_reel_count,following_count,followed_count,post_count
192191769,US,9,0,28,https://armas1916.lnk.to/PlayingGames,FALSE,FALSE,TRUE,TRUE,12,1465,62333,1648
user_id,country_code,user_name_len,full_name_len,intro_len,external_url,is_joined_recently,is_private,is_verified,is_business_account,highlight_reel_count,following_count,followed_count,post_count
1671252298,US,5,5,61,https://monstercat.ffm.to/breathe-q0jd,FALSE,FALSE,TRUE,TRUE,1,885,242742,1122
user_id,country_code,user_name_len,full_name_len,intro_len,external_url,is_joined_recently,is_private,is_verified,is_business_account,highlight_reel_count,following_count,followed_count,post_count
1231094146,US,22,30,62,http://doornrecords.release.link/what-you-want-1/,FALSE,FALSE,TRUE,TRUE,21,148,597939,2338
user_id,country_code,user_name_len,full_name_len,intro_len,external_url,is_joined_recently,is_private,is_verified,is_business_account,highlight_reel_count,following_count,followed_count,post_count
22009471,US,9,10,29,https://lnk.to/EPNOPUS,FALSE,FALSE,TRUE,TRUE,0,367,504572,558
user_id,country_code,user_name_len,full_name_len,intro_len,external_url,is_joined_recently,is_private,is_verified,is_business_account,highlight_reel_count,following_count,followed_count,post_count
7935094,US,12,13,67,https://lnk.to/LBLWhistle,FALSE,FALSE,TRUE,TRUE,8,285,632353,3058
user_id,country_code,user_name_len,full_name_len,intro_len,external_url,is_joined_recently,is_private,is_verified,is_business_account,highlight_reel_count,following_count,followed_count,post_count
31979762,US,15,29,40,http://revr.ec/FLAME,FALSE,FALSE,TRUE,TRUE,41,493,323237,2278
user_id,country_code,user_name_len,full_name_len,intro_len,external_url,is_joined_recently,is_private,is_verified,is_business_account,highlight_reel_count,following_count,followed_count,post_count
53903439,US,12,13,62,https://bit.ly/3aqEmk6,FALSE,FALSE,TRUE,TRUE,19,219,256810,3949
user_id,country_code,user_name_len,full_name_len,intro_len,external_url,is_joined_recently,is_private,is_verified,is_business_account,highlight_reel_count,following_count,followed_count,post_count
18936248,US,10,11,142,https://arep.co/p/clubinseasons2,FALSE,FALSE,TRUE,FALSE,3,544,160387,293
user_id,country_code,user_name_len,full_name_len,intro_len,external_url,is_joined_recently,is_private,is_verified,is_business_account,highlight_reel_count,following_count,followed_count,post_count
46521516,US,13,13,68,https://linksome.me/lucasandsteve,FALSE,FALSE,TRUE,TRUE,3,1289,260422,1743
user_id,country_code,user_name_len,full_name_len,intro_len,external_url,is_joined_recently,is_private,is_verified,is_business_account,highlight_reel_count,following_count,followed_count,post_count
295548645,US,20,24,38,http://fanlink.to/myfeelings_dvw/,FALSE,FALSE,TRUE,TRUE,18,601,112508,1582
user_id,country_code,user_name_len,full_name_len,intro_len,external_url,is_joined_recently,is_private,is_verified,is_business_account,highlight_reel_count,following_count,followed_count,post_count
180974394,US,11,11,100,https://ffm.bio/anjunabeats,FALSE,FALSE,TRUE,TRUE,5,420,215733,2849
user_id,country_code,user_name_len,full_name_len,intro_len,external_url,is_joined_recently,is_private,is_verified,is_business_account,highlight_reel_count,following_count,followed_count,post_count
18721413,US,9,4,8,http://store.artyofficial.com/,FALSE,FALSE,TRUE,FALSE,5,381,139606,23
user_id,country_code,user_name_len,full_name_len,intro_len,external_url,is_joined_recently,is_private,is_verified,is_business_account,highlight_reel_count,following_count,followed_count,post_count
187926625,US,8,8,58,https://linkin.bio/beatport,FALSE,FALSE,TRUE,TRUE,12,2165,807085,6504
user_id,country_code,user_name_len,full_name_len,intro_len,external_url,is_joined_recently,is_private,is_verified,is_business_account,highlight_reel_count,following_count,followed_count,post_count
259397391,US,10,12,120,http://lnk.to/pvd_guidinglight/,FALSE,FALSE,TRUE,FALSE,5,6597,414516,5063
user_id,country_code,user_name_len,full_name_len,intro_len,external_url,is_joined_recently,is_private,is_verified,is_business_account,highlight_reel_count,following_count,followed_count,post_count
1553931196,US,11,6,29,https://epic247.fanlink.to/InsideTheRave-Shapov,FALSE,FALSE,TRUE,TRUE,10,205,49788,607
user_id,country_code,user_name_len,full_name_len,intro_len,external_url,is_joined_recently,is_private,is_verified,is_business_account,highlight_reel_count,following_count,followed_count,post_count
381989673,US,19,12,85,http://www.lisamichels.com/,FALSE,FALSE,TRUE,TRUE,16,1380,61180,1120
user_id,country_code,user_name_len,full_name_len,intro_len,external_url,is_joined_recently,is_private,is_verified,is_business_account,highlight_reel_count,following_count,followed_count,post_count
46956673,US,12,13,5,,FALSE,FALSE,TRUE,FALSE,0,241,1205116,1
user_id,country_code,user_name_len,full_name_len,intro_len,external_url,is_joined_recently,is_private,is_verified,is_business_account,highlight_reel_count,following_count,followed_count,post_count
191955619,US,12,17,46,http://shopgr.id/dancingastro,FALSE,FALSE,TRUE,TRUE,12,803,126154,5394
user_id,country_code,user_name_len,full_name_len,intro_len,external_url,is_joined_recently,is_private,is_verified,is_business_account,highlight_reel_count,following_count,followed_count,post_count
290994462,US,13,26,113,https://www.saatchiart.com/art/Painting-Mellow/1191327/4752885/view,FALSE,FALSE,FALSE,TRUE,13,431,8232,1469
user_id,country_code,user_name_len,full_name_len,intro_len,external_url,is_joined_recently,is_private,is_verified,is_business_account,highlight_reel_count,following_count,followed_count,post_count
17463365,US,12,11,34,https://ffm.to/hiiigh,FALSE,FALSE,TRUE,TRUE,0,443,183834,968
user_id,country_code,user_name_len,full_name_len,intro_len,external_url,is_joined_recently,is_private,is_verified,is_business_account,highlight_reel_count,following_count,followed_count,post_count
228269423,US,8,8,0,https://linktr.ee/mau5trap,FALSE,FALSE,TRUE,TRUE,7,119,130276,2386
user_id,country_code,user_name_len,full_name_len,intro_len,external_url,is_joined_recently,is_private,is_verified,is_business_account,highlight_reel_count,following_count,followed_count,post_count
28851572,US,18,13,95,http://ultramusic.com/,FALSE,FALSE,TRUE,TRUE,9,594,573651,3122
user_id,country_code,user_name_len,full_name_len,intro_len,external_url,is_joined_recently,is_private,is_verified,is_business_account,highlight_reel_count,following_count,followed_count,post_count
6964241662,US,12,14,61,https://youtu.be/Xq8c45SvTJc,FALSE,FALSE,FALSE,FALSE,0,424,605,132
user_id,country_code,user_name_len,full_name_len,intro_len,external_url,is_joined_recently,is_private,is_verified,is_business_account,highlight_reel_count,following_count,followed_count,post_count
31288892879,US,10,10,7,,FALSE,FALSE,FALSE,FALSE,0,8,12,4
user_id,country_code,user_name_len,full_name_len,intro_len,external_url,is_joined_recently,is_private,is_verified,is_business_account,highlight_reel_count,following_count,followed_count,post_count
550480784,US,6,6,37,https://linktr.ee/axtone,FALSE,FALSE,TRUE,TRUE,7,150,106893,2130
user_id,country_code,user_name_len,full_name_len,intro_len,external_url,is_joined_recently,is_private,is_verified,is_business_account,highlight_reel_count,following_count,followed_count,post_count
10179481,US,8,18,1,,FALSE,FALSE,TRUE,FALSE,1,213,1074630,1
user_id,country_code,user_name_len,full_name_len,intro_len,external_url,is_joined_recently,is_private,is_verified,is_business_account,highlight_reel_count,following_count,followed_count,post_count
39377970,US,6,6,0,http://www.momentumfoundation.org/,FALSE,FALSE,TRUE,FALSE,2,186,1397516,1
user_id,country_code,user_name_len,full_name_len,intro_len,external_url,is_joined_recently,is_private,is_verified,is_business_account,highlight_reel_count,following_count,followed_count,post_count
40357265,US,17,0,0,http://swedishhousemafia.com/,FALSE,FALSE,TRUE,FALSE,0,3,827192,1
user_id,country_code,user_name_len,full_name_len,intro_len,external_url,is_joined_recently,is_private,is_verified,is_business_account,highlight_reel_count,following_count,followed_count,post_count
6002323046,US,17,18,36,https://lnk.bio/8k4B,FALSE,FALSE,FALSE,TRUE,1,276,1655,26
user_id,country_code,user_name_len,full_name_len,intro_len,external_url,is_joined_recently,is_private,is_verified,is_business_account,highlight_reel_count,following_count,followed_count,post_count
276166533,US,13,6,112,https://www.djtimes.com/2020/12/shogun-creative-downtime-interview/,FALSE,FALSE,TRUE,TRUE,0,15,285542,93
user_id,country_code,user_name_len,full_name_len,intro_len,external_url,is_joined_recently,is_private,is_verified,is_business_account,highlight_reel_count,following_count,followed_count,post_count
3608077888,US,11,13,100,http://yoninamusic.com/event-info/tour-hebrew,FALSE,FALSE,FALSE,FALSE,9,125,17331,182
user_id,country_code,user_name_len,full_name_len,intro_len,external_url,is_joined_recently,is_private,is_verified,is_business_account,highlight_reel_count,following_count,followed_count,post_count
319987532,US,8,8,129,http://prot.cl/rememberFa,FALSE,FALSE,TRUE,FALSE,31,1191,79054,1552
user_id,country_code,user_name_len,full_name_len,intro_len,external_url,is_joined_recently,is_private,is_verified,is_business_account,highlight_reel_count,following_count,followed_count,post_count
23814473,US,10,12,134,https://www.parfym.se/relationspodden,FALSE,TRUE,TRUE,FALSE,0,2687,202444,9456
user_id,country_code,user_name_len,full_name_len,intro_len,external_url,is_joined_recently,is_private,is_verified,is_business_account,highlight_reel_count,following_count,followed_count,post_count
4172929775,US,14,5,139,https://revr.ec/DIRTY-DANCE,FALSE,FALSE,FALSE,TRUE,11,258,6461,219
user_id,country_code,user_name_len,full_name_len,intro_len,external_url,is_joined_recently,is_private,is_verified,is_business_account,highlight_reel_count,following_count,followed_count,post_count
198081712,US,10,8,81,https://badguru.substack.com/p/new-age-and-the-religion-of-self?utm_campaign=post&utm_medium=web&utm_source=copy,FALSE,FALSE,TRUE,TRUE,21,1853,45633,1001
user_id,country_code,user_name_len,full_name_len,intro_len,external_url,is_joined_recently,is_private,is_verified,is_business_account,highlight_reel_count,following_count,followed_count,post_count
8881621405,US,11,16,146,http://www.avicii.com/,FALSE,FALSE,FALSE,FALSE,3,3,10942,3635
user_id,country_code,user_name_len,full_name_len,intro_len,external_url,is_joined_recently,is_private,is_verified,is_business_account,highlight_reel_count,following_count,followed_count,post_count
25063782,US,8,8,48,https://rezzmau5.ffm.to/hypnocurrency,FALSE,FALSE,TRUE,TRUE,22,109,2527225,3241
user_id,country_code,user_name_len,full_name_len,intro_len,external_url,is_joined_recently,is_private,is_verified,is_business_account,highlight_reel_count,following_count,followed_count,post_count
33055151,US,9,10,109,https://lnk.bio/blacc,FALSE,FALSE,TRUE,TRUE,14,1155,173010,1396
user_id,country_code,user_name_len,full_name_len,intro_len,external_url,is_joined_recently,is_private,is_verified,is_business_account,highlight_reel_count,following_count,followed_count,post_count
310670677,US,13,16,0,,FALSE,FALSE,TRUE,FALSE,0,933,31494,952
user_id,country_code,user_name_len,full_name_len,intro_len,external_url,is_joined_recently,is_private,is_verified,is_business_account,highlight_reel_count,following_count,followed_count,post_count
214275881,US,12,4,49,http://revr.ec/FOOLS-GOLD,FALSE,FALSE,TRUE,TRUE,15,115,24145,288
user_id,country_code,user_name_len,full_name_len,intro_len,external_url,is_joined_recently,is_private,is_verified,is_business_account,highlight_reel_count,following_count,followed_count,post_count
293879594,US,13,14,112,http://usab.com/,FALSE,FALSE,TRUE,TRUE,0,194,3227123,4210
user_id,country_code,user_name_len,full_name_len,intro_len,external_url,is_joined_recently,is_private,is_verified,is_business_account,highlight_reel_count,following_count,followed_count,post_count
21953690,US,12,13,93,http://solo.to/sanholobeats,FALSE,FALSE,TRUE,TRUE,7,7464,471266,73
user_id,country_code,user_name_len,full_name_len,intro_len,external_url,is_joined_recently,is_private,is_verified,is_business_account,highlight_reel_count,following_count,followed_count,post_count
43431703,US,11,6,78,http://stmpd.co/aU5f6T,FALSE,FALSE,TRUE,FALSE,6,1843,11029,112
user_id,country_code,user_name_len,full_name_len,intro_len,external_url,is_joined_recently,is_private,is_verified,is_business_account,highlight_reel_count,following_count,followed_count,post_count
206034174,US,4,26,20,http://shaqpack.com/,FALSE,FALSE,TRUE,FALSE,6,1508,18882342,3178
user_id,country_code,user_name_len,full_name_len,intro_len,external_url,is_joined_recently,is_private,is_verified,is_business_account,highlight_reel_count,following_count,followed_count,post_count
225923860,US,14,9,129,https://ingroov.es/i-wanna-be-there,FALSE,FALSE,TRUE,TRUE,10,972,329119,558
user_id,country_code,user_name_len,full_name_len,intro_len,external_url,is_joined_recently,is_private,is_verified,is_business_account,highlight_reel_count,following_count,followed_count,post_count
18706841,US,7,11,6,,FALSE,FALSE,TRUE,TRUE,0,688,8891181,1462
user_id,country_code,user_name_len,full_name_len,intro_len,external_url,is_joined_recently,is_private,is_verified,is_business_account,highlight_reel_count,following_count,followed_count,post_count
302166998,US,8,17,148,https://linkin.bio/asotlive,FALSE,FALSE,TRUE,TRUE,4,234,361488,5536
user_id,country_code,user_name_len,full_name_len,intro_len,external_url,is_joined_recently,is_private,is_verified,is_business_account,highlight_reel_count,following_count,followed_count,post_count
23613805,US,3,10,50,https://childhooddreams.la/products/limited-edition-lakers-world-champs,FALSE,FALSE,TRUE,TRUE,0,289,5149337,551
user_id,country_code,user_name_len,full_name_len,intro_len,external_url,is_joined_recently,is_private,is_verified,is_business_account,highlight_reel_count,following_count,followed_count,post_count
175434065,US,13,14,25,https://linktr.ee/DamianLillard,FALSE,FALSE,TRUE,FALSE,14,2559,8857781,4159
user_id,country_code,user_name_len,full_name_len,intro_len,external_url,is_joined_recently,is_private,is_verified,is_business_account,highlight_reel_count,following_count,followed_count,post_count
36118956,US,10,13,118,https://charity.gofundme.com/o/en/campaign/help-feed-the-frontline-fighting-covid-19,FALSE,FALSE,TRUE,TRUE,0,738,6871295,434
user_id,country_code,user_name_len,full_name_len,intro_len,external_url,is_joined_recently,is_private,is_verified,is_business_account,highlight_reel_count,following_count,followed_count,post_count
297467441,US,15,13,101,http://stmpd.co/Uc4VmAxE,FALSE,FALSE,TRUE,TRUE,5,1016,303917,1270
user_id,country_code,user_name_len,full_name_len,intro_len,external_url,is_joined_recently,is_private,is_verified,is_business_account,highlight_reel_count,following_count,followed_count,post_count
237213623,US,10,11,3,,FALSE,FALSE,TRUE,TRUE,0,600,5674637,1487
user_id,country_code,user_name_len,full_name_len,intro_len,external_url,is_joined_recently,is_private,is_verified,is_business_account,highlight_reel_count,following_count,followed_count,post_count
912639211,US,12,25,124,https://antetokounbros.com/,FALSE,FALSE,TRUE,FALSE,1,8,8902296,724
user_id,country_code,user_name_len,full_name_len,intro_len,external_url,is_joined_recently,is_private,is_verified,is_business_account,highlight_reel_count,following_count,followed_count,post_count
1485011963,US,8,9,30,https://bit.ly/2VmN62c,FALSE,FALSE,TRUE,FALSE,0,409,3828365,119
user_id,country_code,user_name_len,full_name_len,intro_len,external_url,is_joined_recently,is_private,is_verified,is_business_account,highlight_reel_count,following_count,followed_count,post_count
7050373159,US,5,6,0,,FALSE,FALSE,TRUE,FALSE,5,485,2035775,43
user_id,country_code,user_name_len,full_name_len,intro_len,external_url,is_joined_recently,is_private,is_verified,is_business_account,highlight_reel_count,following_count,followed_count,post_count
14805456,US,8,9,96,https://youtu.be/VitvWa7qtLo,FALSE,FALSE,TRUE,TRUE,5,182,24145612,982
user_id,country_code,user_name_len,full_name_len,intro_len,external_url,is_joined_recently,is_private,is_verified,is_business_account,highlight_reel_count,following_count,followed_count,post_count
2926336915,US,13,5,95,https://linktr.ee/cartaofficial,FALSE,FALSE,TRUE,TRUE,1,2191,36159,46
user_id,country_code,user_name_len,full_name_len,intro_len,external_url,is_joined_recently,is_private,is_verified,is_business_account,highlight_reel_count,following_count,followed_count,post_count
2027733186,US,9,6,96,https://youtu.be/VGcVh_8Saao,FALSE,FALSE,FALSE,FALSE,7,787,1309135,835
user_id,country_code,user_name_len,full_name_len,intro_len,external_url,is_joined_recently,is_private,is_verified,is_business_account,highlight_reel_count,following_count,followed_count,post_count
51222544,US,11,11,113,http://discord.gg/headhunterz,FALSE,FALSE,TRUE,TRUE,18,993,842182,1471
user_id,country_code,user_name_len,full_name_len,intro_len,external_url,is_joined_recently,is_private,is_verified,is_business_account,highlight_reel_count,following_count,followed_count,post_count
2862911778,US,10,11,35,http://stmpd.co/newreleases/,FALSE,FALSE,TRUE,TRUE,14,128,454820,1646
user_id,country_code,user_name_len,full_name_len,intro_len,external_url,is_joined_recently,is_private,is_verified,is_business_account,highlight_reel_count,following_count,followed_count,post_count
371116921,US,12,5,22,https://bit.ly/3a7vW0q,FALSE,FALSE,TRUE,TRUE,4,95,102805,2811
user_id,country_code,user_name_len,full_name_len,intro_len,external_url,is_joined_recently,is_private,is_verified,is_business_account,highlight_reel_count,following_count,followed_count,post_count
3562365017,US,14,18,126,http://1001.tl/discord/,FALSE,FALSE,FALSE,FALSE,9,3175,383039,2214
user_id,country_code,user_name_len,full_name_len,intro_len,external_url,is_joined_recently,is_private,is_verified,is_business_account,highlight_reel_count,following_count,followed_count,post_count
192224388,US,13,5,46,https://cutt.ly/wvsO99X,FALSE,FALSE,TRUE,FALSE,0,291,673802,3684
user_id,country_code,user_name_len,full_name_len,intro_len,external_url,is_joined_recently,is_private,is_verified,is_business_account,highlight_reel_count,following_count,followed_count,post_count
5727537940,US,15,6,33,https://linktr.ee/dharmaworldwide,FALSE,FALSE,TRUE,TRUE,6,38,140315,713
user_id,country_code,user_name_len,full_name_len,intro_len,external_url,is_joined_recently,is_private,is_verified,is_business_account,highlight_reel_count,following_count,followed_count,post_count
43084131,US,11,0,47,https://y.at/headphone.zap.piano,FALSE,FALSE,TRUE,TRUE,7,143,893946,2009
user_id,country_code,user_name_len,full_name_len,intro_len,external_url,is_joined_recently,is_private,is_verified,is_business_account,highlight_reel_count,following_count,followed_count,post_count
1991757842,US,16,18,120,https://fhm.lnk.to/playlists,FALSE,FALSE,TRUE,TRUE,6,329,225967,1554
user_id,country_code,user_name_len,full_name_len,intro_len,external_url,is_joined_recently,is_private,is_verified,is_business_account,highlight_reel_count,following_count,followed_count,post_count
16145656,US,12,13,36,http://spinninrecords.release.link/stay-mine,FALSE,FALSE,TRUE,TRUE,8,7483,1731445,2925
user_id,country_code,user_name_len,full_name_len,intro_len,external_url,is_joined_recently,is_private,is_verified,is_business_account,highlight_reel_count,following_count,followed_count,post_count
289499891,US,18,19,97,http://prot.cl/links,FALSE,FALSE,TRUE,TRUE,11,294,335655,2656
user_id,country_code,user_name_len,full_name_len,intro_len,external_url,is_joined_recently,is_private,is_verified,is_business_account,highlight_reel_count,following_count,followed_count,post_count
240563593,US,11,11,96,https://orcd.co/blasterjaxx-mioa,FALSE,FALSE,TRUE,TRUE,8,827,976295,3049
user_id,country_code,user_name_len,full_name_len,intro_len,external_url,is_joined_recently,is_private,is_verified,is_business_account,highlight_reel_count,following_count,followed_count,post_count
196362639,US,12,15,51,http://stmpd.co/OGEyeYsu,FALSE,FALSE,TRUE,TRUE,5,242,270673,1542
user_id,country_code,user_name_len,full_name_len,intro_len,external_url,is_joined_recently,is_private,is_verified,is_business_account,highlight_reel_count,following_count,followed_count,post_count
1313608126,US,10,11,22,http://stmpd.co/3219pqPX,FALSE,FALSE,TRUE,FALSE,24,981,112342,815
user_id,country_code,user_name_len,full_name_len,intro_len,external_url,is_joined_recently,is_private,is_verified,is_business_account,highlight_reel_count,following_count,followed_count,post_count
237193987,US,19,21,51,http://a-d-e.co/linkinbio,FALSE,FALSE,TRUE,TRUE,3,628,229926,2516
user_id,country_code,user_name_len,full_name_len,intro_len,external_url,is_joined_recently,is_private,is_verified,is_business_account,highlight_reel_count,following_count,followed_count,post_count
9407242056,US,14,15,34,https://linktr.ee/cymaticsfm,FALSE,FALSE,FALSE,TRUE,2,807,233041,474
user_id,country_code,user_name_len,full_name_len,intro_len,external_url,is_joined_recently,is_private,is_verified,is_business_account,highlight_reel_count,following_count,followed_count,post_count
9271372088,US,12,13,58,https://linktr.ee/cymaticsfm,FALSE,FALSE,FALSE,FALSE,3,1360,270590,33
user_id,country_code,user_name_len,full_name_len,intro_len,external_url,is_joined_recently,is_private,is_verified,is_business_account,highlight_reel_count,following_count,followed_count,post_count
271702521,US,11,11,68,https://amelielens.biglink.to/news,FALSE,FALSE,TRUE,FALSE,7,452,1651045,1458
user_id,country_code,user_name_len,full_name_len,intro_len,external_url,is_joined_recently,is_private,is_verified,is_business_account,highlight_reel_count,following_count,followed_count,post_count
249188418,US,10,5,64,http://stmpd.co/9bTZ2v6e,FALSE,FALSE,TRUE,FALSE,7,838,210479,1556
user_id,country_code,user_name_len,full_name_len,intro_len,external_url,is_joined_recently,is_private,is_verified,is_business_account,highlight_reel_count,following_count,followed_count,post_count
1767975805,US,9,10,0,,FALSE,FALSE,TRUE,FALSE,0,784,103543,1
user_id,country_code,user_name_len,full_name_len,intro_len,external_url,is_joined_recently,is_private,is_verified,is_business_account,highlight_reel_count,following_count,followed_count,post_count
615584964,US,13,24,25,https://brooks.ffm.to/paperthinremix,FALSE,FALSE,TRUE,FALSE,12,450,134836,476
user_id,country_code,user_name_len,full_name_len,intro_len,external_url,is_joined_recently,is_private,is_verified,is_business_account,highlight_reel_count,following_count,followed_count,post_count
3172371113,US,11,12,138,https://fhc.fanlink.to/giveittome,FALSE,FALSE,FALSE,TRUE,4,628,8907,38
user_id,country_code,user_name_len,full_name_len,intro_len,external_url,is_joined_recently,is_private,is_verified,is_business_account,highlight_reel_count,following_count,followed_count,post_count
187664226,US,10,11,0,https://www.youtube.com/watch?v=9SGas5sExVA,FALSE,FALSE,TRUE,FALSE,29,50,1753500,2735
user_id,country_code,user_name_len,full_name_len,intro_len,external_url,is_joined_recently,is_private,is_verified,is_business_account,highlight_reel_count,following_count,followed_count,post_count
10304447,US,21,18,120,https://linktr.ee/charlottedewittemusic,FALSE,FALSE,TRUE,FALSE,5,993,1837309,2401
user_id,country_code,user_name_len,full_name_len,intro_len,external_url,is_joined_recently,is_private,is_verified,is_business_account,highlight_reel_count,following_count,followed_count,post_count
10514392220,US,13,13,102,https://open.spotify.com/album/6PdjDgSy8qlELk5Kx5Z9Gm?si=hlWD88JPTBGx-kPBY0zEbg,FALSE,FALSE,FALSE,TRUE,2,595,465,26
user_id,country_code,user_name_len,full_name_len,intro_len,external_url,is_joined_recently,is_private,is_verified,is_business_account,highlight_reel_count,following_count,followed_count,post_count
9424925197,US,21,23,54,http://forabetterday.se/,FALSE,FALSE,TRUE,TRUE,2,12,64250,11
user_id,country_code,user_name_len,full_name_len,intro_len,external_url,is_joined_recently,is_private,is_verified,is_business_account,highlight_reel_count,following_count,followed_count,post_count
145741718,US,8,14,52,https://open.spotify.com/track/4xhSe2VYQbWBugfm8O4UW8?si=6WtEbWZTSYi1j7DDwfF8FQ,FALSE,FALSE,TRUE,TRUE,7,934,12747,800
user_id,country_code,user_name_len,full_name_len,intro_len,external_url,is_joined_recently,is_private,is_verified,is_business_account,highlight_reel_count,following_count,followed_count,post_count
54043822,US,6,5,34,https://armas1909r.lnk.to/TakeYourTimeDR,FALSE,FALSE,TRUE,TRUE,0,1027,60069,179
user_id,country_code,user_name_len,full_name_len,intro_len,external_url,is_joined_recently,is_private,is_verified,is_business_account,highlight_reel_count,following_count,followed_count,post_count
2751971797,US,9,10,60,http://linktr.ee/hexagonhq,FALSE,FALSE,TRUE,TRUE,7,198,286248,2092
user_id,country_code,user_name_len,full_name_len,intro_len,external_url,is_joined_recently,is_private,is_verified,is_business_account,highlight_reel_count,following_count,followed_count,post_count
544616744,US,15,17,39,https://spinninsessions.lnk.to/linkinbio,FALSE,FALSE,TRUE,TRUE,11,125,341113,1512
user_id,country_code,user_name_len,full_name_len,intro_len,external_url,is_joined_recently,is_private,is_verified,is_business_account,highlight_reel_count,following_count,followed_count,post_count
744183464,US,14,23,24,https://musicalfreedom.lnk.to/housepartyIN,FALSE,FALSE,TRUE,TRUE,7,511,508344,3536
user_id,country_code,user_name_len,full_name_len,intro_len,external_url,is_joined_recently,is_private,is_verified,is_business_account,highlight_reel_count,following_count,followed_count,post_count
272022909,US,10,16,30,http://barong.family/drxgs,FALSE,FALSE,TRUE,TRUE,12,3857,1002166,8722
user_id,country_code,user_name_len,full_name_len,intro_len,external_url,is_joined_recently,is_private,is_verified,is_business_account,highlight_reel_count,following_count,followed_count,post_count
40328602,US,3,7,120,https://linkin.bio/edm,FALSE,FALSE,TRUE,TRUE,5,580,789376,4054
user_id,country_code,user_name_len,full_name_len,intro_len,external_url,is_joined_recently,is_private,is_verified,is_business_account,highlight_reel_count,following_count,followed_count,post_count
189802609,US,5,5,56,https://smarturl.it/StVincentGoFundMe,FALSE,FALSE,TRUE,FALSE,36,7497,5768711,6924
user_id,country_code,user_name_len,full_name_len,intro_len,external_url,is_joined_recently,is_private,is_verified,is_business_account,highlight_reel_count,following_count,followed_count,post_count
181395647,US,5,20,74,https://ultramusicfestival.com/,FALSE,FALSE,TRUE,FALSE,2,61,3245114,2989
user_id,country_code,user_name_len,full_name_len,intro_len,external_url,is_joined_recently,is_private,is_verified,is_business_account,highlight_reel_count,following_count,followed_count,post_count
205107877,US,8,8,37,https://lnk.to/Quintino-ComingHome,FALSE,FALSE,TRUE,TRUE,5,947,854321,2836
user_id,country_code,user_name_len,full_name_len,intro_len,external_url,is_joined_recently,is_private,is_verified,is_business_account,highlight_reel_count,following_count,followed_count,post_count
298228470,US,11,12,108,https://linkin.bio/armadamusic,FALSE,FALSE,TRUE,TRUE,18,707,851069,12005
user_id,country_code,user_name_len,full_name_len,intro_len,external_url,is_joined_recently,is_private,is_verified,is_business_account,highlight_reel_count,following_count,followed_count,post_count
363327219,US,7,7,23,https://djsnake.lnk.to/SelfishLoveTiesto,FALSE,FALSE,TRUE,TRUE,5,607,8055260,2792
user_id,country_code,user_name_len,full_name_len,intro_len,external_url,is_joined_recently,is_private,is_verified,is_business_account,highlight_reel_count,following_count,followed_count,post_count
373587641,US,13,6,69,https://linktr.ee/djmagofficial,FALSE,FALSE,TRUE,TRUE,18,2014,1052046,8577
user_id,country_code,user_name_len,full_name_len,intro_len,external_url,is_joined_recently,is_private,is_verified,is_business_account,highlight_reel_count,following_count,followed_count,post_count
378386629,US,11,19,87,https://revr.ec/RRSPV1,FALSE,FALSE,TRUE,TRUE,7,196,904660,3821
user_id,country_code,user_name_len,full_name_len,intro_len,external_url,is_joined_recently,is_private,is_verified,is_business_account,highlight_reel_count,following_count,followed_count,post_count
19359711,US,8,8,24,http://www.skrillex.com/,FALSE,FALSE,TRUE,TRUE,3,2074,9138199,6
user_id,country_code,user_name_len,full_name_len,intro_len,external_url,is_joined_recently,is_private,is_verified,is_business_account,highlight_reel_count,following_count,followed_count,post_count
53672690,US,14,16,85,https://spinnin.lnk.to/bio,FALSE,FALSE,TRUE,TRUE,10,324,3351321,9687
user_id,country_code,user_name_len,full_name_len,intro_len,external_url,is_joined_recently,is_private,is_verified,is_business_account,highlight_reel_count,following_count,followed_count,post_count
52844525,US,10,3,138,http://raveculture.io/rcl001,FALSE,FALSE,TRUE,FALSE,3,138,1130691,746
user_id,country_code,user_name_len,full_name_len,intro_len,external_url,is_joined_recently,is_private,is_verified,is_business_account,highlight_reel_count,following_count,followed_count,post_count
144108526,US,23,25,129,https://dvlm.lnk.to/DancingSoon,FALSE,FALSE,TRUE,TRUE,1,423,4260639,3009
user_id,country_code,user_name_len,full_name_len,intro_len,external_url,is_joined_recently,is_private,is_verified,is_business_account,highlight_reel_count,following_count,followed_count,post_count
256567430,US,13,23,150,https://heldeep.lnk.to/Zapdos,FALSE,FALSE,TRUE,FALSE,26,2073,1481314,2014
user_id,country_code,user_name_len,full_name_len,intro_len,external_url,is_joined_recently,is_private,is_verified,is_business_account,highlight_reel_count,following_count,followed_count,post_count
295424908,US,12,13,64,https://www.musicalfreedom.com/get-dirty,FALSE,FALSE,TRUE,TRUE,5,1041,329618,1055
user_id,country_code,user_name_len,full_name_len,intro_len,external_url,is_joined_recently,is_private,is_verified,is_business_account,highlight_reel_count,following_count,followed_count,post_count
180912227,US,8,4,38,http://afrojack.com/staymine/,FALSE,FALSE,TRUE,TRUE,8,536,3796970,279
user_id,country_code,user_name_len,full_name_len,intro_len,external_url,is_joined_recently,is_private,is_verified,is_business_account,highlight_reel_count,following_count,followed_count,post_count
34820881,US,11,11,72,http://nickyrome.ro/links/,FALSE,FALSE,TRUE,FALSE,7,529,2791423,3191
user_id,country_code,user_name_len,full_name_len,intro_len,external_url,is_joined_recently,is_private,is_verified,is_business_account,highlight_reel_count,following_count,followed_count,post_count
195734327,US,11,12,78,https://joelcorry.lnk.to/BED-David-Guetta-Mix,FALSE,FALSE,TRUE,TRUE,1,643,8764107,1466
user_id,country_code,user_name_len,full_name_len,intro_len,external_url,is_joined_recently,is_private,is_verified,is_business_account,highlight_reel_count,following_count,followed_count,post_count
143773149,US,6,6,13,https://orcd.co/goingdumb,FALSE,FALSE,TRUE,TRUE,6,670,3181982,724
user_id,country_code,user_name_len,full_name_len,intro_len,external_url,is_joined_recently,is_private,is_verified,is_business_account,highlight_reel_count,following_count,followed_count,post_count
366581549,US,12,12,41,http://tomorrow.land/linkinbio,FALSE,FALSE,TRUE,TRUE,4,138,7427479,2523
user_id,country_code,user_name_len,full_name_len,intro_len,external_url,is_joined_recently,is_private,is_verified,is_business_account,highlight_reel_count,following_count,followed_count,post_count
913386804,US,15,16,136,http://lostfrequencies.lnk.to/rise/,FALSE,FALSE,TRUE,FALSE,2,805,764922,2370
user_id,country_code,user_name_len,full_name_len,intro_len,external_url,is_joined_recently,is_private,is_verified,is_business_account,highlight_reel_count,following_count,followed_count,post_count
25573937,US,5,5,40,https://kshmr.fanlink.to/twwlb-yt,FALSE,FALSE,TRUE,TRUE,6,332,1429761,47
user_id,country_code,user_name_len,full_name_len,intro_len,external_url,is_joined_recently,is_private,is_verified,is_business_account,highlight_reel_count,following_count,followed_count,post_count
28527810,US,12,13,2,,FALSE,FALSE,TRUE,FALSE,4,0,81977083,454
user_id,country_code,user_name_len,full_name_len,intro_len,external_url,is_joined_recently,is_private,is_verified,is_business_account,highlight_reel_count,following_count,followed_count,post_count
26555275,US,12,13,17,https://www.bseglobal.net/social-justice-commitment-statement/,FALSE,FALSE,TRUE,TRUE,13,97,3029498,9017
user_id,country_code,user_name_len,full_name_len,intro_len,external_url,is_joined_recently,is_private,is_verified,is_business_account,highlight_reel_count,following_count,followed_count,post_count
11830955,US,11,12,44,https://taylor.lnk.to/fearlesstaylorsversion,FALSE,FALSE,TRUE,FALSE,7,0,154253327,500
user_id,country_code,user_name_len,full_name_len,intro_len,external_url,is_joined_recently,is_private,is_verified,is_business_account,highlight_reel_count,following_count,followed_count,post_count
1771001302,US,17,15,117,,FALSE,FALSE,FALSE,TRUE,5,220,1005925,6104
user_id,country_code,user_name_len,full_name_len,intro_len,external_url,is_joined_recently,is_private,is_verified,is_business_account,highlight_reel_count,following_count,followed_count,post_count
1818392454,US,8,11,38,https://www.ebay.com/e/fashion/sneakers-all-ag-020321,FALSE,FALSE,TRUE,FALSE,1,759,764056,974
user_id,country_code,user_name_len,full_name_len,intro_len,external_url,is_joined_recently,is_private,is_verified,is_business_account,highlight_reel_count,following_count,followed_count,post_count
13864937,US,15,0,0,http://apple.co/theetcs,FALSE,FALSE,TRUE,FALSE,0,2237,11883035,68
user_id,country_code,user_name_len,full_name_len,intro_len,external_url,is_joined_recently,is_private,is_verified,is_business_account,highlight_reel_count,following_count,followed_count,post_count
250131908,US,8,8,114,http://smarturl.it/ColdplayStore,FALSE,FALSE,TRUE,TRUE,3,45,12348798,1987
user_id,country_code,user_name_len,full_name_len,intro_len,external_url,is_joined_recently,is_private,is_verified,is_business_account,highlight_reel_count,following_count,followed_count,post_count
212742998,US,11,12,12,http://wonder.lnk.to/deluxe,FALSE,FALSE,TRUE,FALSE,0,1259,59585612,2366
user_id,country_code,user_name_len,full_name_len,intro_len,external_url,is_joined_recently,is_private,is_verified,is_business_account,highlight_reel_count,following_count,followed_count,post_count
624168435,US,9,4,22,https://smarturl.it/GATD,FALSE,FALSE,TRUE,TRUE,7,179,4022983,146
user_id,country_code,user_name_len,full_name_len,intro_len,external_url,is_joined_recently,is_private,is_verified,is_business_account,highlight_reel_count,following_count,followed_count,post_count
40188103,US,5,5,0,https://www.cybr.at/r3hab,FALSE,FALSE,TRUE,TRUE,6,1766,2402188,2758
user_id,country_code,user_name_len,full_name_len,intro_len,external_url,is_joined_recently,is_private,is_verified,is_business_account,highlight_reel_count,following_count,followed_count,post_count
50118968,US,9,10,35,http://beberexha.lnk.to/Bio,FALSE,FALSE,TRUE,TRUE,3,1376,10617956,1138
user_id,country_code,user_name_len,full_name_len,intro_len,external_url,is_joined_recently,is_private,is_verified,is_business_account,highlight_reel_count,following_count,followed_count,post_count
237513547,US,12,13,0,,FALSE,FALSE,TRUE,FALSE,1,1153,9680358,32
user_id,country_code,user_name_len,full_name_len,intro_len,external_url,is_joined_recently,is_private,is_verified,is_business_account,highlight_reel_count,following_count,followed_count,post_count
7555881,US,11,12,0,http://monthly.com/charlie/,FALSE,FALSE,TRUE,TRUE,0,277,15359346,187
user_id,country_code,user_name_len,full_name_len,intro_len,external_url,is_joined_recently,is_private,is_verified,is_business_account,highlight_reel_count,following_count,followed_count,post_count
205634318,US,11,11,34,https://cleanbandit.lnk.to/Higher-Acoustic,FALSE,FALSE,TRUE,TRUE,13,540,1285814,2810
user_id,country_code,user_name_len,full_name_len,intro_len,external_url,is_joined_recently,is_private,is_verified,is_business_account,highlight_reel_count,following_count,followed_count,post_count
198936816,US,15,16,22,https://blacklivesmatter.com/,FALSE,FALSE,TRUE,TRUE,1,1419,7054003,1
user_id,country_code,user_name_len,full_name_len,intro_len,external_url,is_joined_recently,is_private,is_verified,is_business_account,highlight_reel_count,following_count,followed_count,post_count
1540079,US,6,7,33,http://zoukgrouplv.com/tiesto/,FALSE,FALSE,TRUE,FALSE,3,880,6313889,31
user_id,country_code,user_name_len,full_name_len,intro_len,external_url,is_joined_recently,is_private,is_verified,is_business_account,highlight_reel_count,following_count,followed_count,post_count
13369638,US,8,8,69,https://revr.ec/TSOH-ALBUM,FALSE,FALSE,TRUE,TRUE,20,223,4908673,2543
user_id,country_code,user_name_len,full_name_len,intro_len,external_url,is_joined_recently,is_private,is_verified,is_business_account,highlight_reel_count,following_count,followed_count,post_count
667249073,US,15,11,32,https://milly.ffm.to/nteraw,FALSE,FALSE,TRUE,TRUE,0,85,8320044,563
user_id,country_code,user_name_len,full_name_len,intro_len,external_url,is_joined_recently,is_private,is_verified,is_business_account,highlight_reel_count,following_count,followed_count,post_count
1660662141,US,15,10,13,https://marshmellomusic.com/,FALSE,FALSE,TRUE,FALSE,2,548,29317369,55
user_id,country_code,user_name_len,full_name_len,intro_len,external_url,is_joined_recently,is_private,is_verified,is_business_account,highlight_reel_count,following_count,followed_count,post_count
185546187,US,12,10,0,https://edsheeran.lnk.to/Afterglow,FALSE,FALSE,TRUE,FALSE,0,2,31815339,2041
user_id,country_code,user_name_len,full_name_len,intro_len,external_url,is_joined_recently,is_private,is_verified,is_business_account,highlight_reel_count,following_count,followed_count,post_count
204633036,US,6,20,66,http://di.sn/6006H2Duy,FALSE,FALSE,TRUE,TRUE,3,171,52425062,5190
user_id,country_code,user_name_len,full_name_len,intro_len,external_url,is_joined_recently,is_private,is_verified,is_business_account,highlight_reel_count,following_count,followed_count,post_count
30464350,US,12,13,36,http://stmpd.co/xsVhytU6,FALSE,FALSE,TRUE,FALSE,15,1873,16000852,3097
user_id,country_code,user_name_len,full_name_len,intro_len,external_url,is_joined_recently,is_private,is_verified,is_business_account,highlight_reel_count,following_count,followed_count,post_count
192648052,US,14,16,79,https://alessoavb.lnk.to/LALLIO,FALSE,FALSE,TRUE,TRUE,8,423,3264963,3034
user_id,country_code,user_name_len,full_name_len,intro_len,external_url,is_joined_recently,is_private,is_verified,is_business_account,highlight_reel_count,following_count,followed_count,post_count
22088943,US,9,10,40,http://smarturl.it/AokiMaciejNFT?IQid=instagram,FALSE,FALSE,TRUE,TRUE,56,7494,8973527,12388
user_id,country_code,user_name_len,full_name_len,intro_len,external_url,is_joined_recently,is_private,is_verified,is_business_account,highlight_reel_count,following_count,followed_count,post_count
264046920,US,9,10,125,https://linktr.ee/dondiablo,FALSE,FALSE,TRUE,FALSE,68,928,2052571,3347
user_id,country_code,user_name_len,full_name_len,intro_len,external_url,is_joined_recently,is_private,is_verified,is_business_account,highlight_reel_count,following_count,followed_count,post_count
24632982,US,6,6,64,https://aviciitributeconcert.com/stream,FALSE,FALSE,TRUE,TRUE,0,148,6951677,1291
user_id,country_code,user_name_len,full_name_len,intro_len,external_url,is_joined_recently,is_private,is_verified,is_business_account,highlight_reel_count,following_count,followed_count,post_count
19410587,US,9,12,0,,FALSE,FALSE,TRUE,FALSE,0,353,82605417,2160
user_id,country_code,user_name_len,full_name_len,intro_len,external_url,is_joined_recently,is_private,is_verified,is_business_account,highlight_reel_count,following_count,followed_count,post_count
6691429,US,7,9,142,https://youtu.be/-7uaa_ONFo0,FALSE,FALSE,TRUE,FALSE,6,305,6699375,3774
user_id,country_code,user_name_len,full_name_len,intro_len,external_url,is_joined_recently,is_private,is_verified,is_business_account,highlight_reel_count,following_count,followed_count,post_count
6199406489,US,11,19,144,,FALSE,FALSE,FALSE,TRUE,5,43,180480,196
user_id,country_code,user_name_len,full_name_len,intro_len,external_url,is_joined_recently,is_private,is_verified,is_business_account,highlight_reel_count,following_count,followed_count,post_count
1287006597,US,9,10,0,,FALSE,FALSE,TRUE,FALSE,0,64,69369584,1674
user_id,country_code,user_name_len,full_name_len,intro_len,external_url,is_joined_recently,is_private,is_verified,is_business_account,highlight_reel_count,following_count,followed_count,post_count
4471960714,US,15,2,0,,FALSE,FALSE,FALSE,FALSE,0,42,19,6
user_id,country_code,user_name_len,full_name_len,intro_len,external_url,is_joined_recently,is_private,is_verified,is_business_account,highlight_reel_count,following_count,followed_count,post_count
5453978816,US,9,3,48,,FALSE,FALSE,FALSE,FALSE,0,41,40,30
user_id,country_code,user_name_len,full_name_len,intro_len,external_url,is_joined_recently,is_private,is_verified,is_business_account,highlight_reel_count,following_count,followed_count,post_count
184644748,US,3,10,35,http://hoo.be/cp3/,FALSE,FALSE,TRUE,FALSE,14,939,10109395,1404
user_id,country_code,user_name_len,full_name_len,intro_len,external_url,is_joined_recently,is_private,is_verified,is_business_account,highlight_reel_count,following_count,followed_count,post_count
1606728,US,7,14,45,https://www.tdgarden.com/playitsafe,FALSE,FALSE,TRUE,TRUE,6,188,5489441,8676
user_id,country_code,user_name_len,full_name_len,intro_len,external_url,is_joined_recently,is_private,is_verified,is_business_account,highlight_reel_count,following_count,followed_count,post_count
351564405,US,10,11,87,,FALSE,FALSE,TRUE,FALSE,3,376,20651272,426
user_id,country_code,user_name_len,full_name_len,intro_len,external_url,is_joined_recently,is_private,is_verified,is_business_account,highlight_reel_count,following_count,followed_count,post_count
18296287,US,10,10,37,https://linktr.ee/dwyanewade,FALSE,FALSE,TRUE,TRUE,6,1652,17466525,3095
user_id,country_code,user_name_len,full_name_len,intro_len,external_url,is_joined_recently,is_private,is_verified,is_business_account,highlight_reel_count,following_count,followed_count,post_count
20824486,US,3,3,116,https://app.link.nba.com/e/MVP_Ladder12,FALSE,FALSE,TRUE,TRUE,8,999,55492308,40587
user_id,country_code,user_name_len,full_name_len,intro_len,external_url,is_joined_recently,is_private,is_verified,is_business_account,highlight_reel_count,following_count,followed_count,post_count
10768203,US,11,13,137,,FALSE,FALSE,TRUE,FALSE,5,693,14494767,380
user_id,country_code,user_name_len,full_name_len,intro_len,external_url,is_joined_recently,is_private,is_verified,is_business_account,highlight_reel_count,following_count,followed_count,post_count
6860189,US,12,13,36,https://justinbieber.lnk.to/JusticeTCD,FALSE,FALSE,TRUE,FALSE,3,565,171318395,6303
user_id,country_code,user_name_len,full_name_len,intro_len,external_url,is_joined_recently,is_private,is_verified,is_business_account,highlight_reel_count,following_count,followed_count,post_count
25025320,US,9,9,100,https://www.instagram.com/coronavirus_info/,FALSE,FALSE,TRUE,FALSE,12,73,390615920,6744
user_id,country_code,user_name_len,full_name_len,intro_len,external_url,is_joined_recently,is_private,is_verified,is_business_account,highlight_reel_count,following_count,followed_count,post_count
5016456788,US,14,21,148,https://shopee.tw/black_holyland?smtt=0.0.9,FALSE,FALSE,FALSE,TRUE,10,699,4667,459
user_id,country_code,user_name_len,full_name_len,intro_len,external_url,is_joined_recently,is_private,is_verified,is_business_account,highlight_reel_count,following_count,followed_count,post_count
1688552836,US,14,3,7,,FALSE,FALSE,FALSE,FALSE,0,68,20,37
user_id,country_code,user_name_len,full_name_len,intro_len,external_url,is_joined_recently,is_private,is_verified,is_business_account,highlight_reel_count,following_count,followed_count,post_count
20824486,US,3,3,116,https://app.link.nba.com/e/MVP_Ladder12,FALSE,FALSE,TRUE,TRUE,8,999,55492413,40587
user_id,country_code,user_name_len,full_name_len,intro_len,external_url,is_joined_recently,is_private,is_verified,is_business_account,highlight_reel_count,following_count,followed_count,post_count
268332101,US,10,23,54,https://bape.com/,FALSE,FALSE,TRUE,TRUE,33,50,2286032,8107
user_id,country_code,user_name_len,full_name_len,intro_len,external_url,is_joined_recently,is_private,is_verified,is_business_account,highlight_reel_count,following_count,followed_count,post_count
18914335,US,9,18,37,http://vans.com/skate,FALSE,FALSE,TRUE,TRUE,3,768,3513752,5624
user_id,country_code,user_name_len,full_name_len,intro_len,external_url,is_joined_recently,is_private,is_verified,is_business_account,highlight_reel_count,following_count,followed_count,post_count
16033149,US,13,10,10,http://undefeated.com/,FALSE,FALSE,TRUE,TRUE,0,16,1971168,6946
user_id,country_code,user_name_len,full_name_len,intro_len,external_url,is_joined_recently,is_private,is_verified,is_business_account,highlight_reel_count,following_count,followed_count,post_count
6716197,US,8,8,65,http://converse.com/,FALSE,FALSE,TRUE,TRUE,16,19,10206562,533
user_id,country_code,user_name_len,full_name_len,intro_len,external_url,is_joined_recently,is_private,is_verified,is_business_account,highlight_reel_count,following_count,followed_count,post_count
18919774,US,4,4,102,http://vans.com/,FALSE,FALSE,TRUE,TRUE,0,302,17491474,4178
user_id,country_code,user_name_len,full_name_len,intro_len,external_url,is_joined_recently,is_private,is_verified,is_business_account,highlight_reel_count,following_count,followed_count,post_count
391093397,US,7,14,116,http://us.bape.com/,FALSE,FALSE,TRUE,TRUE,12,38,4734931,4595
user_id,country_code,user_name_len,full_name_len,intro_len,external_url,is_joined_recently,is_private,is_verified,is_business_account,highlight_reel_count,following_count,followed_count,post_count
28527494,US,12,3,91,http://linkin.bio/hufworldwide,FALSE,FALSE,TRUE,TRUE,24,23,1526855,4775
user_id,country_code,user_name_len,full_name_len,intro_len,external_url,is_joined_recently,is_private,is_verified,is_business_account,highlight_reel_count,following_count,followed_count,post_count
8559032,US,11,17,3,https://m.youtube.com/watch?v=I5fk_tASEMM&t=1447s,FALSE,FALSE,TRUE,FALSE,0,1480,6768131,9490
user_id,country_code,user_name_len,full_name_len,intro_len,external_url,is_joined_recently,is_private,is_verified,is_business_account,highlight_reel_count,following_count,followed_count,post_count
1435383863,US,20,25,11,http://www.antisocialsocialclub.com/,FALSE,FALSE,TRUE,TRUE,0,0,2435619,2508
user_id,country_code,user_name_len,full_name_len,intro_len,external_url,is_joined_recently,is_private,is_verified,is_business_account,highlight_reel_count,following_count,followed_count,post_count
362471749,US,12,10,70,http://on.off---white.com/official,FALSE,FALSE,TRUE,TRUE,17,36,10907035,8241
user_id,country_code,user_name_len,full_name_len,intro_len,external_url,is_joined_recently,is_private,is_verified,is_business_account,highlight_reel_count,following_count,followed_count,post_count
13336763,US,14,7,13,https://www.supremenewyork.com/,FALSE,FALSE,TRUE,TRUE,3,115,13635071,1649
user_id,country_code,user_name_len,full_name_len,intro_len,external_url,is_joined_recently,is_private,is_verified,is_business_account,highlight_reel_count,following_count,followed_count,post_count
9538109,US,6,7,20,https://www.stussy.com/,FALSE,FALSE,TRUE,TRUE,0,1,4118628,2685
user_id,country_code,user_name_len,full_name_len,intro_len,external_url,is_joined_recently,is_private,is_verified,is_business_account,highlight_reel_count,following_count,followed_count,post_count
4778815033,US,11,22,86,https://aapeus.com/,FALSE,FALSE,FALSE,TRUE,6,2,19338,327
user_id,country_code,user_name_len,full_name_len,intro_len,external_url,is_joined_recently,is_private,is_verified,is_business_account,highlight_reel_count,following_count,followed_count,post_count
1417300659,US,11,25,141,https://aape.jp/,FALSE,FALSE,FALSE,TRUE,3,17,61805,3752
user_id,country_code,user_name_len,full_name_len,intro_len,external_url,is_joined_recently,is_private,is_verified,is_business_account,highlight_reel_count,following_count,followed_count,post_count
248972346,US,9,23,16,https://hk.iteshop.com/s_it/b/Aape,FALSE,FALSE,TRUE,TRUE,4,5,189978,1918
user_id,country_code,user_name_len,full_name_len,intro_len,external_url,is_joined_recently,is_private,is_verified,is_business_account,highlight_reel_count,following_count,followed_count,post_count
5841159358,US,18,18,115,,FALSE,FALSE,FALSE,FALSE,1,297,265545,1288
user_id,country_code,user_name_len,full_name_len,intro_len,external_url,is_joined_recently,is_private,is_verified,is_business_account,highlight_reel_count,following_count,followed_count,post_count
7622544352,US,10,15,100,,FALSE,FALSE,FALSE,FALSE,66,90,99434,668
user_id,country_code,user_name_len,full_name_len,intro_len,external_url,is_joined_recently,is_private,is_verified,is_business_account,highlight_reel_count,following_count,followed_count,post_count
5783791274,US,17,28,145,http://roww.org/,FALSE,FALSE,FALSE,FALSE,24,4915,41054,1688
user_id,country_code,user_name_len,full_name_len,intro_len,external_url,is_joined_recently,is_private,is_verified,is_business_account,highlight_reel_count,following_count,followed_count,post_count
5761528077,US,14,19,114,,FALSE,FALSE,FALSE,TRUE,0,145,95540,1241
user_id,country_code,user_name_len,full_name_len,intro_len,external_url,is_joined_recently,is_private,is_verified,is_business_account,highlight_reel_count,following_count,followed_count,post_count
5555699247,US,20,11,150,,FALSE,FALSE,FALSE,FALSE,1,271,54243,1248
user_id,country_code,user_name_len,full_name_len,intro_len,external_url,is_joined_recently,is_private,is_verified,is_business_account,highlight_reel_count,following_count,followed_count,post_count
5951385086,US,7,12,29,http://youtube.com/jaychou,FALSE,FALSE,TRUE,TRUE,5,131,6382592,766
user_id,country_code,user_name_len,full_name_len,intro_len,external_url,is_joined_recently,is_private,is_verified,is_business_account,highlight_reel_count,following_count,followed_count,post_count
392407365,US,10,19,63,https://donate.roww.org/campaign/type-r-campaign/c330114,FALSE,FALSE,TRUE,TRUE,3,91,236642,763
user_id,country_code,user_name_len,full_name_len,intro_len,external_url,is_joined_recently,is_private,is_verified,is_business_account,highlight_reel_count,following_count,followed_count,post_count
9473172,US,8,9,147,https://youtu.be/BnL3XE1nyBk,FALSE,FALSE,TRUE,FALSE,19,394,16153664,667
user_id,country_code,user_name_len,full_name_len,intro_len,external_url,is_joined_recently,is_private,is_verified,is_business_account,highlight_reel_count,following_count,followed_count,post_count
2212872,US,6,9,0,http://www.mdnsonline.com/,FALSE,FALSE,TRUE,FALSE,0,630,4215524,6829
